conn_idx,class,src_type,target_type,source_sign,receptor,loc,probability,allow_autapses,n_pairs,n_possible_pairs,realized_edge_fraction,inplane_distance_um,lamtha,scaled_lamtha_um,A_weight,gain,A_delay_ms,distance_min_um,distance_max_um,weight_min,weight_max,weight_range_fraction_of_max,weight_cv,n_unique_weights,delay_min_ms,delay_max_ms,delay_span_ms,n_unique_delays,n_pairs_inside_window,fraction_pairs_inside_window,weight_delay_spearman
0,L2_pyramidal->L2_pyramidal|nmda|proximal,L2_pyramidal,L2_pyramidal,E,nmda,proximal,1.0,False,9900,9900,1.0,1.0,3.0,3.0,0.0005,1.0,1.0,1.0,12.727922061357855,7.614989872356341e-12,0.0004474196584071849,0.9999999829802072,1.364596787978782,50,1.1175190687418637,65659969.13733028,65659968.01981121,50,5216,0.5268686868686868,-1.0
1,L2_pyramidal->L2_pyramidal|ampa|proximal,L2_pyramidal,L2_pyramidal,E,ampa,proximal,1.0,False,9900,9900,1.0,1.0,3.0,3.0,0.0005,1.0,1.0,1.0,12.727922061357855,7.614989872356341e-12,0.0004474196584071849,0.9999999829802072,1.364596787978782,50,1.1175190687418637,65659969.13733028,65659968.01981121,50,5216,0.5268686868686868,-1.0
2,L5_pyramidal->L5_pyramidal|nmda|proximal,L5_pyramidal,L5_pyramidal,E,nmda,proximal,1.0,False,9900,9900,1.0,1.0,3.0,3.0,0.0005,1.0,1.0,1.0,12.727922061357855,7.614989872356341e-12,0.0004474196584071849,0.9999999829802072,1.364596787978782,50,1.1175190687418637,65659969.13733028,65659968.01981121,50,5216,0.5268686868686868,-1.0
3,L5_pyramidal->L5_pyramidal|ampa|proximal,L5_pyramidal,L5_pyramidal,E,ampa,proximal,1.0,False,9900,9900,1.0,1.0,3.0,3.0,0.0005,1.0,1.0,1.0,12.727922061357855,7.614989872356341e-12,0.0004474196584071849,0.9999999829802072,1.364596787978782,50,1.1175190687418637,65659969.13733028,65659968.01981121,50,5216,0.5268686868686868,-1.0
4,L2_basket->L2_pyramidal|gabaa|soma,L2_basket,L2_pyramidal,I,gabaa,soma,1.0,True,3500,3500,1.0,1.0,50.0,50.0,0.05,1.0,1.0,0.0,12.727922061357855,0.04686274478063389,0.05,0.06274510438732228,0.011204748931810019,51,1.0,1.0669456139210733,0.06694561392107334,51,3500,1.0,-1.0
5,L2_basket->L2_pyramidal|gabab|soma,L2_basket,L2_pyramidal,I,gabab,soma,1.0,True,3500,3500,1.0,1.0,50.0,50.0,0.05,1.0,1.0,0.0,12.727922061357855,0.04686274478063389,0.05,0.06274510438732228,0.011204748931810019,51,1.0,1.0669456139210733,0.06694561392107334,51,3500,1.0,-1.0
6,L5_basket->L5_pyramidal|gabaa|soma,L5_basket,L5_pyramidal,I,gabaa,soma,1.0,True,3500,3500,1.0,1.0,70.0,70.0,0.025,1.0,1.0,0.0,12.727922061357855,0.02418698310869264,0.025,0.03252067565229444,0.00573304151726999,51,1.0,1.0336138197828884,0.033613819782888354,51,3500,1.0,-1.0
7,L5_basket->L5_pyramidal|gabab|soma,L5_basket,L5_pyramidal,I,gabab,soma,1.0,True,3500,3500,1.0,1.0,70.0,70.0,0.025,1.0,1.0,0.0,12.727922061357855,0.02418698310869264,0.025,0.03252067565229444,0.00573304151726999,51,1.0,1.0336138197828884,0.033613819782888354,51,3500,1.0,-1.0
8,L2_pyramidal->L5_pyramidal|ampa|proximal,L2_pyramidal,L5_pyramidal,E,ampa,proximal,1.0,True,10000,10000,1.0,1.0,3.0,3.0,0.00025,1.0,1.0,0.0,12.727922061357855,3.807494936178171e-12,0.00025,0.9999999847700202,1.364956111306086,51,1.0,65659969.13733028,65659968.13733028,51,5316,0.5316,-1.0
9,L2_pyramidal->L5_pyramidal|ampa|distal,L2_pyramidal,L5_pyramidal,E,ampa,distal,1.0,True,10000,10000,1.0,1.0,3.0,3.0,0.00025,1.0,1.0,0.0,12.727922061357855,3.807494936178171e-12,0.00025,0.9999999847700202,1.364956111306086,51,1.0,65659969.13733028,65659968.13733028,51,5316,0.5316,-1.0
10,L2_basket->L5_pyramidal|gabaa|distal,L2_basket,L5_pyramidal,I,gabaa,distal,1.0,True,3500,3500,1.0,1.0,50.0,50.0,0.001,1.0,1.0,0.0,12.727922061357855,0.0009372548956126778,0.001,0.06274510438732225,0.011204748931810013,51,1.0,1.0669456139210733,0.06694561392107334,51,3500,1.0,-1.0
11,L2_pyramidal->L2_basket|ampa|soma,L2_pyramidal,L2_basket,E,ampa,soma,1.0,True,3500,3500,1.0,1.0,3.0,3.0,0.0005,1.0,1.0,0.0,12.727922061357855,7.614989872356341e-12,0.0005,0.9999999847700202,1.384639241933669,51,1.0,65659969.13733028,65659968.13733028,51,1825,0.5214285714285715,-1.0
12,L2_basket->L2_basket|gabaa|soma,L2_basket,L2_basket,I,gabaa,soma,1.0,True,1225,1225,1.0,1.0,20.0,20.0,0.02,1.0,1.0,0.0,12.041594578792296,0.013918686273572841,0.02,0.30406568632135794,0.06947262817400021,38,1.0,1.4369172209861243,0.4369172209861243,38,1225,1.0,-0.9999999999999999
13,L5_basket->L5_basket|gabaa|soma,L5_basket,L5_basket,I,gabaa,soma,1.0,False,1190,1190,1.0,1.0,20.0,20.0,0.02,1.0,1.0,1.4142135623730951,12.041594578792296,0.013918686273572841,0.019900249583853648,0.3005773010572709,0.06899580021726855,37,1.005012520859401,1.4369172209861243,0.43190470012672333,37,1190,1.0,-1.0
14,L5_pyramidal->L5_basket|ampa|soma,L5_pyramidal,L5_basket,E,ampa,soma,1.0,True,3500,3500,1.0,1.0,3.0,3.0,0.0005,1.0,1.0,0.0,12.727922061357855,7.614989872356341e-12,0.0005,0.9999999847700202,1.384639241933669,51,1.0,65659969.13733028,65659968.13733028,51,1825,0.5214285714285715,-1.0
15,L2_pyramidal->L5_basket|ampa|soma,L2_pyramidal,L5_basket,E,ampa,soma,1.0,True,3500,3500,1.0,1.0,3.0,3.0,0.00025,1.0,1.0,0.0,12.727922061357855,3.807494936178171e-12,0.00025,0.9999999847700202,1.384639241933669,51,1.0,65659969.13733028,65659968.13733028,51,1825,0.5214285714285715,-1.0
